project_id,start_date,planned_duration_days,actual_duration_days,planned_budget,actual_cost,team_size,complexity,risk_level,change_requests,cost_overrun_percent,schedule_delay_percent,success
1,2021-05-10,80,109,575303,954033,13,3,3,17,0.6583156736545642,0.3643991236900969,0
2,2022-07-18,182,240,111813,181414,6,5,1,14,0.6224825908449132,0.3188594019457228,0
3,2022-02-04,215,247,77712,80546,17,1,2,1,0.03647136918691219,0.15303314165752038,1
4,2021-12-31,92,120,674785,992464,8,5,2,9,0.47078638123537486,0.3099746019862528,0
5,2023-06-27,219,318,975919,1589328,24,5,3,11,0.6285450365967155,0.4559918645435695,0
6,2024-12-09,154,205,817214,1306829,19,3,2,16,0.5991276693770451,0.3323251967973289,0
7,2020-04-11,179,203,162816,197722,26,2,1,7,0.21439484194575698,0.13426792253909264,0
8,2022-05-23,343,371,178778,244897,8,1,2,10,0.36984193329244025,0.08448883067452001,0
9,2019-11-27,87,107,636580,818467,21,3,1,2,0.2857258781294791,0.23389915323713542,0
10,2023-01-22,334,411,335977,432958,27,2,1,5,0.28865415945887635,0.23274053224958713,0
11,2024-11-05,209,235,185230,242620,4,2,2,8,0.3098338217389144,0.12750717172595472,0
12,2019-05-11,199,259,768040,975917,17,4,3,5,0.27065941422024553,0.3046845909385829,0
13,2023-08-13,355,396,856741,1099444,13,1,2,8,0.2832865948321244,0.11729052208442423,0
14,2021-02-08,300,335,319114,405925,10,2,1,6,0.2720388060951645,0.11898280877346522,0
15,2023-02-24,83,97,384618,515980,28,3,1,8,0.34154001948431173,0.17914072666955022,0
16,2022-04-30,130,157,882972,1534209,21,4,2,17,0.7375518651121269,0.21529396861681116,0
17,2021-08-13,293,354,201456,296609,15,1,3,11,0.4723313250415236,0.20945284737029338,0
18,2022-03-30,82,117,854449,1256992,14,5,3,7,0.4711141358729142,0.43693602514348173,0
19,2020-04-04,89,101,912312,1248064,7,3,1,7,0.36802381034994225,0.13505754000981773,0
20,2019-01-22,137,168,155570,243177,8,2,1,17,0.5631385975583089,0.23285978799781232,0
21,2021-01-17,34,45,320846,558230,28,2,3,19,0.7398707351530185,0.3240546157465244,0
22,2020-04-19,132,161,967888,1515947,24,3,2,14,0.5662427916594992,0.2224547225109943,0
23,2021-12-18,225,274,50404,63058,6,2,1,6,0.2510518372402915,0.21832742954885032,0
24,2024-08-09,291,364,753286,1132327,21,4,1,10,0.5031844196825808,0.2513501097504527,0
25,2021-09-02,76,90,996693,1638162,22,1,3,19,0.6435980666623304,0.18905582551055303,0
26,2023-12-12,340,434,324907,538358,3,4,2,15,0.6569607704322451,0.27821189324895457,0
27,2019-07-09,337,455,723744,904902,22,2,3,3,0.2503076697835296,0.3507125761731138,0
28,2020-07-16,173,236,765460,1086339,19,5,2,5,0.41919857762734314,0.3651991386335051,0
29,2024-03-14,298,341,934574,1024108,14,1,2,2,0.09580290945587326,0.14632245114117312,1
30,2022-06-21,153,169,715220,936980,17,1,2,8,0.3100596108163445,0.10560313062680865,0
31,2023-03-09,135,177,285365,412347,3,3,1,9,0.4449818550562979,0.3130657798618197,0
32,2020-10-08,187,260,392786,579430,28,3,3,13,0.4751812040368079,0.3943307323044705,0
33,2024-08-30,176,264,100612,161730,16,5,3,10,0.6074709864131858,0.501546459063147,0
34,2022-07-21,174,206,860006,1328670,8,1,2,17,0.5449547990319321,0.1878220174173811,0
35,2020-08-23,149,195,859956,1346892,7,5,1,11,0.5662338388247284,0.30876052265329734,0
36,2024-08-23,348,438,250244,379762,13,3,1,11,0.5175687993537973,0.26139250479812093,0
37,2019-08-30,304,395,847348,1311150,6,3,3,12,0.547358261212979,0.2996478600537632,0
38,2024-08-03,121,141,54809,75360,15,1,1,12,0.37495841605669566,0.1656204310871316,0
39,2022-09-25,87,116,213273,379656,13,4,1,18,0.7801450809072843,0.33579510266826806,0
40,2024-11-09,258,301,758690,1222991,5,2,2,18,0.6119775924255239,0.1675367210962038,0
41,2022-10-22,146,185,194528,317271,3,3,1,13,0.6309786523349328,0.2673912901418608,0
42,2023-01-18,347,449,556964,667571,8,3,2,3,0.19859030093671182,0.29410172250219635,0
43,2021-02-14,308,376,499613,785378,20,4,3,12,0.5719738730852949,0.22132185685432756,0
44,2019-02-04,156,205,957720,1312937,26,4,1,7,0.3708991181546197,0.3200468319814731,0
45,2024-05-09,158,220,88765,168754,12,5,3,18,0.9011347814567539,0.3984102105679897,0
46,2023-05-05,87,119,881538,1338270,7,5,3,11,0.5181089527956442,0.3756978772834163,0
47,2021-10-18,151,168,366076,598980,25,2,1,17,0.6362181373626455,0.11783696978531287,0
48,2022-02-03,30,34,984604,1194575,12,2,1,5,0.21325447927611002,0.15323785521839844,0
49,2023-02-09,268,322,893523,1378075,14,1,3,17,0.5422946179276007,0.20400297900433417,0
50,2020-12-03,319,405,596237,1080785,4,5,1,18,0.8126768916872589,0.2717268988903909,0
51,2023-04-29,125,158,251152,334340,15,3,2,4,0.33122922188130716,0.26949239181062323,0
52,2019-06-11,155,218,349888,549733,10,5,2,8,0.5711698281149523,0.4088379033096536,0
53,2019-07-21,147,193,750903,850887,4,3,1,2,0.133152601998684,0.3130902891834816,0
54,2024-06-04,77,100,944751,1401431,22,4,3,9,0.4833875612182231,0.3061654915387435,0
55,2021-09-22,118,156,142193,264901,3,5,1,18,0.8629746801691761,0.3225193906611098,0
56,2021-03-26,266,343,86187,101333,7,4,1,2,0.175734453061903,0.29308314863482393,0
57,2020-03-31,301,390,555950,853783,11,2,3,14,0.5357191747027423,0.2973704665095803,0
58,2022-06-29,218,267,188311,207122,19,2,3,0,0.09989581012899082,0.2247888059414093,0
59,2021-10-13,221,265,960886,1201806,11,1,2,6,0.2507270907189894,0.19993206859955256,0
60,2019-12-04,98,129,850921,1311596,13,5,3,11,0.5413847987336762,0.323131884176177,0
61,2021-05-28,307,386,558153,897632,17,4,2,16,0.6082190585893279,0.2573325903439057,0
62,2021-12-12,276,363,239089,388362,26,3,3,19,0.6243446787410487,0.317432217216711,0
63,2021-03-02,105,114,636165,807178,8,2,1,4,0.26881919767310514,0.08945877509560624,0
64,2021-02-02,183,208,486341,605593,25,2,2,3,0.2452024568241677,0.14127647366166418,0
65,2020-01-15,173,213,362066,541337,5,3,2,11,0.49513426744979927,0.23361115678770306,0
66,2020-05-07,115,156,668362,1165150,19,4,2,19,0.7432925825155952,0.3585719495957912,0
67,2022-03-26,214,253,737409,1201126,7,4,1,17,0.6288477053267127,0.1852017579346355,0
68,2024-08-24,314,423,611419,1074976,14,5,1,16,0.7581672731252512,0.3485149181081197,0
69,2019-03-06,249,346,690053,1197215,20,5,1,18,0.7349610358581657,0.3916481973576403,0
70,2022-09-29,98,106,910395,1142031,16,1,1,8,0.2544350687619731,0.09025273957855208,0
71,2022-02-26,76,86,681172,790617,23,2,1,3,0.16067179602186407,0.141558488520373,1
72,2024-07-20,123,172,175917,223436,26,5,2,1,0.27012323871515165,0.4000885641279287,0
73,2023-02-04,267,339,860717,1077658,13,4,1,3,0.2520479776395676,0.270394447363928,0
74,2022-03-08,233,309,349770,413313,11,3,2,1,0.18167293854961514,0.32952498906203737,0
75,2023-03-03,247,302,748168,1188770,4,4,1,14,0.5889090849746804,0.22442934939327822,0
76,2020-01-27,68,84,531680,619443,14,2,3,1,0.16506865324196116,0.23741779224174575,0
77,2023-08-26,129,171,331342,444512,5,4,2,3,0.3415531456994027,0.3302843187480342,0
78,2020-02-23,318,369,987262,1190072,5,1,3,5,0.20542713380142194,0.161077297407677,0
79,2020-01-14,283,298,589542,768250,3,2,2,6,0.30313131676905514,0.056435866852126954,0
80,2023-12-02,251,324,94238,143797,10,3,3,9,0.5258927974812946,0.29195475459754033,0
81,2024-09-19,52,59,51252,78485,24,1,1,18,0.5313698371569343,0.14500884934562333,0
82,2024-12-22,279,334,876196,1382923,10,2,1,18,0.5783265949359947,0.19890545930630088,0
83,2019-07-20,39,48,914141,1384694,13,3,1,11,0.5147498950388437,0.23773892410850997,0
84,2024-02-07,275,298,535450,646463,11,1,2,2,0.20732714187573828,0.08510688208253883,0
85,2021-02-18,354,424,365826,511049,7,1,3,12,0.39697507190306386,0.1997654731229242,0
86,2020-05-17,129,145,371638,630425,16,2,1,17,0.696341692110938,0.1313281089228881,0
87,2023-10-18,319,458,655605,960344,5,5,3,7,0.46482168593967443,0.4376741452974333,0
88,2021-03-15,209,247,377359,541870,23,1,3,14,0.43595563589804587,0.18607525057008578,0
89,2024-11-16,252,264,652875,653178,7,1,1,0,0.0004653805681148343,0.05118123643583142,1
90,2024-03-10,279,327,56949,70700,7,3,1,2,0.2414706792443394,0.1753772080321548,0
91,2023-04-20,176,242,813185,1109389,21,4,3,7,0.3642520466108652,0.3777511227210758,0
92,2021-08-18,125,143,367537,438862,29,2,1,3,0.1940638421383514,0.14894434523557493,1
93,2023-01-25,286,319,778913,1268984,16,2,1,15,0.6291732512692046,0.11798592846714355,0
94,2021-10-25,354,458,712301,1071771,28,5,1,9,0.5046609803564315,0.2938584905136583,0
95,2020-05-17,33,45,600222,987785,6,5,2,11,0.645700473732195,0.3648084576006892,0
96,2020-02-02,45,59,990890,1416252,27,2,3,13,0.4292728255136796,0.3184052397359105,0
97,2021-05-20,309,430,830722,1340207,15,5,3,13,0.61330454493416,0.39369609838940206,0
98,2020-01-28,276,347,505102,560482,12,3,2,1,0.1096427986892542,0.25929902308712055,0
99,2019-07-26,287,357,387889,474640,27,2,3,4,0.22364983779866787,0.2450822143844755,0
100,2021-11-04,189,242,526467,741794,20,5,1,4,0.40900390898582917,0.28344868042540283,0
101,2024-02-25,181,208,406600,509778,10,2,3,5,0.25375935438030933,0.1518583758078652,0
102,2023-01-24,207,254,365557,592696,10,4,1,12,0.6213525029985076,0.22866796326321343,0
103,2021-05-13,192,221,933671,1169461,9,1,2,8,0.2525410379685435,0.15235386889031516,0
104,2020-07-17,62,72,354462,542776,10,2,1,14,0.5312671376844533,0.16436655289577046,0
105,2021-10-17,208,252,300875,425324,16,1,3,13,0.4136265338193072,0.21512032845755324,0
106,2019-04-06,130,185,513389,743430,21,5,3,6,0.44808382927118273,0.4248374947479558,0
107,2024-04-07,297,348,120390,198064,8,1,3,19,0.6451868023106213,0.1745225354265398,0
108,2023-10-24,352,411,757689,878252,3,2,2,1,0.15911979799920314,0.16979938625374366,1
109,2023-08-06,94,128,303490,402570,25,4,2,6,0.3264702830882199,0.36423033949313466,0
110,2020-06-24,197,270,617376,836861,17,5,3,5,0.3555126949106716,0.37404099306396416,0
111,2021-11-25,359,396,297940,460253,3,2,1,16,0.5447856145904405,0.10448002413519897,0
112,2022-03-29,72,101,415340,526674,27,5,2,1,0.26805596260667014,0.40835277586940516,0
113,2023-09-19,73,90,483027,586568,19,3,3,2,0.21435932021032153,0.23334213446731722,0
114,2023-12-25,314,408,558041,672665,3,1,3,4,0.2054044560928338,0.30073954993293156,0
115,2023-05-17,41,51,367623,451292,17,3,2,4,0.22759506503303845,0.2639996690279572,0
116,2021-03-06,124,150,266464,271779,25,2,2,0,0.01994903511491239,0.21739530581624428,0
117,2021-11-17,331,423,792729,1203193,4,4,2,7,0.5177871581603395,0.2795790087738307,0
118,2023-07-02,282,373,560736,854240,16,5,1,11,0.5234273489673784,0.32423675778792266,0
119,2022-09-25,271,292,856395,1012101,23,1,1,3,0.18181618614977757,0.0786621441558823,1
120,2024-06-04,64,89,367267,591874,10,5,3,12,0.6115633438624337,0.3929082506165679,0
121,2022-09-16,244,300,700199,1073100,10,2,2,14,0.532565282040319,0.23164808757549132,0
122,2023-07-22,119,156,938900,1455222,21,5,1,10,0.5499224747082049,0.3175211980887359,0
123,2023-03-10,293,348,273777,356117,9,1,2,9,0.30075790590264373,0.19087506145420907,0
124,2024-07-31,122,167,909909,1076603,21,2,3,2,0.18319861414617294,0.3731591175059912,0
125,2023-02-05,119,157,850820,1376686,8,5,1,13,0.6180706396871353,0.3252229379926725,0
126,2022-11-09,144,185,55569,94929,8,4,1,15,0.7083151373618394,0.2876157756788312,0
127,2022-11-01,134,157,644124,900757,5,2,1,9,0.3984220503128077,0.17897410285827536,0
128,2022-07-30,225,299,678861,950391,9,2,3,9,0.3999797056640747,0.3305752406296758,0
129,2021-08-30,343,451,479802,721931,21,4,2,11,0.5046438469971705,0.31586761074809055,0
130,2023-11-04,143,168,308090,424604,10,3,1,8,0.3781822631455502,0.17854915401708188,0
131,2022-07-06,104,116,717375,710634,12,1,3,0,-0.009395640432103246,0.11668297471871478,1
132,2020-12-10,246,309,95002,118975,22,3,2,4,0.2523491971637219,0.2571008026283883,0
133,2023-01-19,306,427,821954,1453355,17,5,3,19,0.7681712041821851,0.3975809890473059,0
134,2022-12-05,278,394,711614,1050095,17,4,2,7,0.4756534257794358,0.4205004644650001,0
135,2020-10-10,193,267,984648,1430227,3,3,3,10,0.4525267907797003,0.3884931210338483,0
136,2019-11-14,221,253,729574,1049510,22,2,2,11,0.4385248617520215,0.1482813586038201,0
137,2022-06-11,256,333,548870,679908,9,5,1,0,0.23874267363249893,0.30446199482254105,0
138,2020-11-14,206,285,261791,479045,29,5,2,19,0.8298789461025703,0.3836885053943443,0
139,2020-10-25,128,175,252846,397788,6,3,3,10,0.5732438817928842,0.3698613211279381,0
140,2024-06-21,65,84,711450,892864,8,3,3,4,0.25499298578037544,0.30285065681855255,0
141,2023-06-20,125,160,716997,1138217,27,4,2,14,0.5874793482645003,0.28763796810059766,0
142,2023-02-04,181,198,727775,870771,3,1,1,4,0.19648465664527212,0.09705590950486377,1
143,2022-02-10,180,213,74071,100270,7,3,1,11,0.35371406831987556,0.18857575680519767,0
144,2024-01-28,219,282,632531,805337,29,3,2,4,0.27319783934554664,0.29012386047197414,0
145,2023-03-01,253,294,962259,1502485,25,2,2,16,0.561414354835355,0.16454831441676476,0
146,2020-07-17,66,92,944647,1587370,3,5,3,16,0.6803843366981953,0.39447819737865164,0
147,2022-07-15,297,343,222312,312434,6,1,1,11,0.405387883515575,0.15809669067280482,0
148,2023-06-25,212,246,307218,467800,24,2,2,14,0.5226994209222897,0.16158175263429642,0
149,2020-11-29,42,50,264879,405232,4,4,1,14,0.5298795546252891,0.20769359837199186,0
150,2024-11-30,308,408,413714,545139,12,4,2,5,0.31767352394037807,0.32474968756781525,0
151,2019-01-02,246,305,476650,636607,7,3,2,11,0.33558643974036373,0.2419763297897702,0
152,2020-10-03,315,392,381868,662412,29,3,1,19,0.7346634657066751,0.24557077504649769,0
153,2023-05-09,302,403,951791,1641044,12,4,2,17,0.7241649709220078,0.33587359673655454,0
154,2021-05-04,91,114,912129,1368499,3,3,2,13,0.5003359053083164,0.25840407526783193,0
155,2023-10-26,113,132,603020,667546,24,1,3,1,0.10700563558415634,0.17694782872650022,1
156,2023-07-20,246,300,695753,922481,8,3,2,8,0.3258750689439239,0.22320707753385827,0
157,2022-02-27,216,298,978818,1293678,15,5,2,4,0.32167414870325034,0.38416735354966214,0
158,2021-12-12,48,62,467170,813277,17,3,2,19,0.7408595232191282,0.30406423907163843,0
159,2023-09-04,206,245,107108,114130,6,2,3,0,0.06556666225185284,0.19132766293002618,1
160,2023-08-23,129,141,530721,587437,15,1,1,2,0.10686715218987777,0.09973013118192328,1
161,2023-09-30,262,338,161195,196950,26,2,3,5,0.22181754862868286,0.2919194377867306,0
162,2022-12-10,105,132,939513,1126902,22,2,3,4,0.1994534421850408,0.265271204660835,0
163,2021-04-15,294,413,86668,117143,26,5,1,4,0.35163878920225033,0.4054736448175356,0
164,2019-07-22,313,360,335205,340119,17,1,3,0,0.01466216213909112,0.15159288350828326,1
165,2019-05-03,235,236,391396,604754,10,1,1,16,0.5451224857180063,0.008461577580256702,0
166,2020-02-05,252,299,614037,957040,7,1,3,18,0.5586035756623026,0.19003259019778435,0
167,2021-02-05,81,90,180560,260148,17,1,1,13,0.4407843356897801,0.11812854075132426,0
168,2019-10-21,173,209,416824,560029,6,1,2,11,0.3435634159312798,0.20842109772363376,0
169,2019-07-17,98,144,197979,285740,14,5,3,9,0.4432850686807771,0.47940728673534916,0
170,2024-04-14,128,169,199849,352857,15,3,3,19,0.7656217624629583,0.32683718115062305,0
171,2024-12-31,54,69,798589,1305674,4,2,3,17,0.6349763492547704,0.2782695107085217,0
172,2020-08-31,82,95,101745,148998,29,1,3,10,0.46443410343988356,0.17040892708966804,0
173,2022-02-21,180,215,420608,474362,21,3,2,1,0.1278013580000871,0.1990442694340392,1
174,2019-07-06,173,225,141865,234013,21,3,3,17,0.6495519756333985,0.3058860608690455,0
175,2023-11-30,86,107,948860,1208444,6,2,2,6,0.2735746259572097,0.24912867318138887,0
176,2020-10-21,68,96,262890,452031,6,5,2,14,0.7194684719141065,0.4128180434914274,0
177,2024-05-09,138,187,73624,108569,28,4,2,10,0.4746446052933696,0.36169036695796825,0
178,2022-10-01,210,272,73321,121085,13,4,2,17,0.6514479072912073,0.2986122156476624,0
179,2024-06-09,71,85,453704,698881,29,3,1,11,0.5403904654230501,0.2067226580990788,0
180,2023-03-15,215,254,859006,1060157,7,2,1,5,0.2341674985369386,0.18417127440573017,0
181,2019-05-27,252,335,972744,1764491,22,4,3,19,0.8139321754863021,0.33267463027456223,0
182,2023-10-01,151,180,224293,347230,13,3,1,12,0.5481099200396106,0.1942141465033499,0
183,2024-01-18,162,219,977982,1778465,12,5,1,19,0.818505476304885,0.35489911181887257,0
184,2020-05-03,192,268,833415,1367870,10,4,3,15,0.6412843147482625,0.3980452371578454,0
185,2024-05-13,244,314,236717,388315,8,3,3,17,0.6404217596835098,0.29002356633352955,0
186,2023-07-22,250,310,986766,1400458,8,3,3,9,0.4192403435615006,0.24184052694731806,0
187,2020-10-02,264,280,430975,561627,10,1,1,7,0.30315501130853156,0.0632098042478585,0
188,2023-12-08,360,486,233868,402294,25,5,1,17,0.7201779909470211,0.3501836042446549,0
189,2024-05-23,175,208,709792,749144,17,1,3,0,0.05544228151045602,0.18957604819329824,1
190,2022-12-09,268,324,145257,182162,28,2,2,7,0.2540684285900596,0.2120619068827674,0
191,2023-06-23,105,126,638579,734554,16,1,3,5,0.15029468834789037,0.2060647645297878,0
192,2019-09-20,38,43,260176,304003,13,1,2,4,0.16845305014221879,0.14029052792712252,1
193,2023-11-23,103,137,240471,365994,14,4,2,14,0.5219920995853085,0.3332528022420156,0
194,2024-12-31,282,365,964032,1612852,28,3,3,14,0.6730279308308027,0.29774865885855667,0
195,2020-09-15,259,382,522930,638156,15,5,3,1,0.22034700225448822,0.47743667414647195,0
196,2021-10-13,36,45,886860,929425,10,1,3,0,0.04799557436717233,0.2516171015608751,0
197,2021-05-30,203,259,793091,1275616,20,5,1,10,0.6084108860908433,0.28054943588099823,0
198,2024-08-11,170,191,568862,726354,27,1,2,9,0.2768547330624751,0.12723740289488733,0
199,2022-08-20,197,228,967806,1446739,3,2,1,17,0.49486515052276414,0.1616362245770354,0
200,2020-03-28,199,216,525774,808510,17,1,1,17,0.5377527119937665,0.08665426439928395,0
201,2022-03-29,312,452,967559,1583177,10,4,3,16,0.6362589809961939,0.44964612956654365,0
202,2024-08-18,151,185,685605,854388,13,3,1,7,0.24618132457039987,0.23119776390448674,0
203,2023-08-10,223,267,189789,291182,14,2,3,14,0.53424449462861,0.1997314086474828,0
204,2022-02-28,34,39,439593,558439,14,1,2,7,0.2703546931116476,0.16982211697803357,0
205,2020-02-08,58,83,865131,1546089,6,5,3,16,0.7871163227269176,0.4335487269423096,0
206,2024-10-02,194,227,123686,169939,18,2,1,11,0.37395888172398056,0.17520964597767108,0
207,2023-08-24,165,206,117661,144728,6,2,1,7,0.23004317567764937,0.2503938079399595,0
208,2020-09-19,350,419,618535,878111,7,1,3,13,0.4196638458476708,0.19753925878774045,0
209,2020-08-09,174,213,295121,349890,26,2,3,3,0.18558286704954524,0.2248169238063002,0
210,2023-07-07,356,442,722108,935900,7,5,1,0,0.2960674801493248,0.24223617868449493,0
211,2022-12-14,246,293,417257,488411,10,2,2,0,0.17052840025025795,0.19173004909282443,1
212,2022-12-16,330,476,316765,586244,12,5,2,18,0.8507239566953674,0.44529849586635945,0
213,2019-04-14,161,189,196106,296870,19,1,3,15,0.5138271833446333,0.17544154402219064,0
214,2019-09-11,321,368,308930,488101,28,3,2,13,0.5799749626752074,0.14799750507402484,0
215,2023-02-05,99,112,972630,1476428,11,2,1,15,0.5179753282615407,0.13508188039037766,0
216,2019-04-09,281,379,710482,908294,24,3,3,4,0.27841975962376236,0.3496344269456396,0
217,2024-02-28,304,415,854462,1222252,21,5,1,8,0.4304354930356097,0.36729085872810074,0
218,2024-04-03,211,235,919270,1041656,16,2,1,1,0.13313426984434368,0.11800595517446322,1
219,2021-05-27,196,253,921149,1579247,10,4,2,17,0.7144323348699005,0.2917357611800459,0
220,2019-12-04,120,153,498874,691492,11,3,3,5,0.3861064302842485,0.27946456704487915,0
221,2021-08-14,231,278,612926,814303,24,2,3,8,0.32855085692548763,0.2068643114068535,0
222,2023-09-01,48,55,903499,1043091,13,3,2,0,0.15450214188266434,0.1585163066130209,1
223,2019-06-10,68,81,168033,227155,25,2,1,8,0.3518480707856021,0.1981795550309928,0
224,2023-05-23,155,180,680265,1004927,3,1,1,15,0.4772589842055773,0.16285299783445467,0
225,2020-02-02,202,231,663157,974758,16,3,1,12,0.46987536333941765,0.144077552801763,0
226,2022-07-24,170,228,679474,1022567,7,4,1,8,0.5049405662423526,0.3421926466293157,0
227,2021-03-26,271,367,871106,1316201,23,4,3,12,0.5109541278519851,0.3548488399301392,0
228,2023-03-08,249,368,216926,308816,28,5,3,8,0.42360409641563634,0.4812566174083937,0
229,2024-04-03,155,186,620559,889889,16,2,2,10,0.43401326896477405,0.2018975218145223,0
230,2022-11-16,87,110,910120,1181236,6,3,2,3,0.2978907421012005,0.2667772296079315,0
231,2022-03-04,177,254,481734,605746,24,5,3,1,0.2574295171199681,0.4386217323491106,0
232,2022-05-03,346,436,423220,540958,25,3,3,5,0.27819732561750604,0.2604966837432361,0
233,2020-02-05,30,36,715627,1076394,27,2,1,13,0.5041271763053397,0.2197337072164011,0
234,2020-10-01,219,268,271897,341123,3,4,1,3,0.25460736616284085,0.22393096809626073,0
235,2020-04-04,220,246,51062,59278,24,1,2,5,0.16091437396940156,0.11989666277416648,1
236,2021-08-12,341,472,297736,531154,25,4,3,18,0.7839796293993183,0.38621323388215845,0
237,2020-04-14,146,197,624736,893595,21,5,2,5,0.43035655503918097,0.3545402379757268,0
238,2021-11-11,163,198,145462,166635,10,1,3,1,0.14555794431590527,0.2188765620407472,0
239,2023-08-21,87,122,449445,762874,17,5,1,17,0.6973705493817253,0.4087933086591978,0
240,2024-09-16,73,91,500009,717451,23,2,2,12,0.43487687565446914,0.25062730005269185,0
241,2020-07-16,202,210,820173,1069553,17,1,2,8,0.3040589781134726,0.04319423431606893,0
242,2023-12-05,189,269,622203,1084947,11,5,3,18,0.7437189575112817,0.42629234848096786,0
243,2024-09-05,202,244,316776,472656,23,2,1,12,0.49208437185773246,0.2114341305348196,0
244,2019-08-14,346,433,678880,1059888,11,4,2,10,0.5612313543613165,0.25416255765889717,0
245,2021-03-08,332,397,708956,759172,12,2,1,0,0.07083210138863259,0.19618052936144376,1
246,2021-08-17,178,230,421923,561971,22,3,2,6,0.33192959701135166,0.2933730390819656,0
247,2023-02-13,109,119,449384,715770,27,2,1,14,0.5927809345040559,0.09939550540308674,0
248,2020-03-28,242,310,682387,812015,23,2,3,0,0.18996357875095,0.28171163328700805,0
249,2021-03-26,232,295,581849,882833,28,3,2,11,0.5172900625530201,0.27363488967649674,0
250,2020-10-20,281,396,517010,754664,11,5,2,6,0.45967145865968045,0.4125190894360634,0
251,2020-06-30,258,333,656440,1068233,5,5,1,14,0.6273131732657543,0.29168438071174335,0
252,2022-04-30,193,225,699324,1159451,22,2,1,18,0.657960470022892,0.16750680581856925,0
253,2019-01-17,256,300,436193,513766,27,3,2,0,0.17784104203874992,0.1747560722933838,1
254,2022-05-28,176,208,76734,124269,28,3,3,16,0.6194814920719477,0.18615043962334743,0
255,2021-12-05,49,63,973875,1607148,13,4,1,16,0.6502611872722168,0.2870414213263875,0
256,2024-11-16,76,106,76069,94777,8,5,1,2,0.24593511632615725,0.39502988033806546,0
257,2023-11-04,262,291,785265,1015436,4,1,1,11,0.2931135122474353,0.11264684071325401,0
258,2021-11-26,334,459,587198,764887,9,5,2,5,0.3026058243339419,0.3768276968027927,0
259,2019-10-29,43,58,385623,608887,20,5,2,10,0.5789721286433631,0.37062329399725635,0
260,2019-06-30,172,218,520951,660245,29,4,2,2,0.26738496626133884,0.27287173042784674,0
261,2020-08-29,30,33,131264,162217,4,1,2,7,0.2358094434229452,0.1289069548102347,0
262,2020-11-30,83,114,73275,115292,29,4,3,13,0.5734271851137681,0.38108422341322223,0
263,2021-09-19,288,333,646562,937853,19,1,3,13,0.4505235270765242,0.15823888835996858,0
264,2022-02-13,173,214,524665,714474,13,2,2,9,0.3617718464495703,0.23752934269178883,0
265,2019-07-10,41,48,412920,418276,29,1,3,1,0.012972340999808596,0.18979875169323013,1
266,2021-09-07,359,465,241076,394315,14,4,1,13,0.6356500110137151,0.2958489708886703,0
267,2024-06-29,253,350,244053,367350,29,5,1,8,0.5052063085334905,0.384433137677548,0
268,2022-03-30,301,323,759913,853606,21,1,1,2,0.12329492399069242,0.07366222836725048,1
269,2019-05-08,185,216,622735,810725,24,1,2,7,0.3018781351679186,0.1729690293093476,0
270,2024-08-27,37,44,962826,1501351,26,3,1,15,0.5593177321970162,0.2006761641374013,0
271,2023-12-22,151,216,649991,871434,27,5,3,1,0.34068657188629214,0.436975724190942,0
272,2023-10-25,193,225,912522,1134262,9,2,2,5,0.2429978574028881,0.16771143246817158,0
273,2020-07-23,119,156,853692,1344078,22,4,3,11,0.5744299440165438,0.31446480884676337,0
274,2022-09-08,165,192,162581,204319,8,2,1,4,0.25672245167438273,0.1645932372824247,0
275,2024-03-10,215,267,315956,388012,23,5,1,1,0.22805990859987224,0.2457399973989441,0
276,2020-09-17,345,374,471240,718709,26,1,1,15,0.5251450202457068,0.08518662782455591,0
277,2023-08-14,207,219,764016,906362,3,1,2,4,0.18631373354233427,0.059681149719540985,1
278,2019-06-04,57,83,952580,1592252,19,5,3,14,0.671515582874717,0.4589617017156804,0
279,2022-11-10,249,296,994789,1368114,13,1,2,11,0.3752814124982309,0.19250552980544572,0
280,2021-02-23,70,76,166421,189005,24,1,2,3,0.13570533751411043,0.0968024389289597,1
281,2019-09-03,257,288,575893,869963,28,1,1,14,0.5106344712821997,0.12141564812367482,0
282,2023-02-09,221,301,514374,786424,20,4,2,10,0.5288955256895755,0.3649567856843746,0
283,2023-09-02,174,237,122303,201986,23,4,2,15,0.6515239425132832,0.3651234611250892,0
284,2020-06-21,230,283,208211,255142,19,3,1,5,0.2254031926764313,0.23072254169858206,0
285,2024-03-05,241,298,237210,359307,9,2,2,13,0.5147221707041809,0.23671523377807485,0
286,2024-01-16,249,325,836237,1502032,19,5,1,17,0.7961806809588889,0.3075334344039803,0
287,2021-07-09,269,361,912557,1546802,22,5,1,11,0.6950205042723485,0.34415612328283396,0
288,2020-06-08,75,98,194990,312719,11,5,1,10,0.6037716531552519,0.31664482966046115,0
289,2023-03-10,64,75,208518,295061,19,3,1,12,0.4150411806042266,0.1833106013107318,0
290,2019-02-05,282,372,174040,261742,22,4,2,10,0.5039214699509321,0.3218031695734814,0
291,2020-11-15,111,137,718406,1214514,24,3,1,15,0.690568751433249,0.23737651880790372,0
292,2019-01-20,285,398,573138,975009,24,5,1,14,0.7011774428450818,0.3981754383977493,0
293,2020-02-04,226,274,468034,719102,10,2,2,14,0.5364326080186604,0.2132577763649444,0
294,2021-08-29,332,389,806254,955420,19,1,2,3,0.1850114329457618,0.17209652674807757,1
295,2024-03-21,39,54,840756,1234970,9,4,3,10,0.4688810902504599,0.3926641586624769,0
296,2022-03-12,341,495,912755,1610012,3,4,2,18,0.7639044998313728,0.45437671828484805,0
297,2022-01-20,315,368,845543,1316913,15,3,2,14,0.5574765980504045,0.16949837983637106,0
298,2021-04-13,271,359,590677,761393,25,4,3,3,0.2890188257094763,0.3256033066581411,0
299,2023-12-29,280,407,696465,1150158,21,5,2,12,0.6514227257847554,0.453702802624404,0
300,2024-06-05,34,46,353571,616509,29,5,2,18,0.743664344875391,0.3623993462573263,0
